id,research_id,angle_used,publish_date,platform,post_title_short,content_500_chars,content_250_chars,content_100_chars,quality_score,ctr_potential,engagement_score,status,notes
1,1,"angle_1",2026-01-28,telegram,"3 —á–∞—Å–∞ –≤–º–µ—Å—Ç–æ –Ω–µ–¥–µ–ª–∏","3 —á–∞—Å–∞ –≤–º–µ—Å—Ç–æ –Ω–µ–¥–µ–ª–∏: –∫–∞–∫ –ò–ò –ø–æ–¥—Ç—è–≥–∏–≤–∞–µ—Ç –∫–æ–Ω—Ç–µ–Ω—Ç üëâ –•–æ—á–µ—à—å –ø–æ–ø—Ä–æ–±–æ–≤–∞—Ç—å?","3 —á–∞—Å–∞ –≤–º–µ—Å—Ç–æ –Ω–µ–¥–µ–ª–∏ ‚Äî –≤–æ—Ç —á—Ç–æ –ò–ò –¥–∞—ë—Ç –∫–æ–Ω—Ç–µ–Ω—Ç—É","–ö–∞–∫ –ò–ò —É—Å–∫–æ—Ä—è–µ—Ç –∫–æ–Ω—Ç–µ–Ω—Ç",92,4.5,4.8,ready,"–û—Ç–ª–∏—á–Ω—ã–π –ø–æ—Å—Ç –¥–ª—è –ø—É–±–ª–∏–∫–∞—Ü–∏–∏"
2,1,"angle_2",NULL,telegram,"–ò–ò + –∫–∞—á–µ—Å—Ç–≤–æ –∫–æ–Ω—Ç–µ–Ω—Ç–∞","–ö–∞—á–µ—Å—Ç–≤–æ –∫–æ–Ω—Ç–µ–Ω—Ç–∞ –º–æ–∂–µ—Ç –±—ã—Ç—å –≤—ã—à–µ –ø—Ä–∏ –∏—Å–ø–æ–ª—å–∑–æ–≤–∞–Ω–∏–∏ –ò–ò. –í–æ—Ç –ø–æ—á–µ–º—É...","–ò–ò –∫–æ–Ω—Ç–µ–Ω—Ç —á–∞—Å—Ç–æ –∫–∞—á–µ—Å—Ç–≤–µ–Ω–Ω–µ–µ, —á–µ–º –¥—É–º–∞—é—Ç",86,3.8,4.2,draft,"–ù—É–∂–Ω–∞ –¥–æ—Ä–∞–±–æ—Ç–∫–∞ CTA"
3,2,"angle_2",2026-01-29,telegram,"Speech-to-text —Å–ø–∞—Å–∞–µ—Ç –≤—Ä–µ–º—è","Speech-to-text + –ò–ò = –∏–¥–µ–∞–ª—å–Ω—ã–π –¥—É—ç—Ç –¥–ª—è –±—ã—Å—Ç—Ä–æ–≥–æ –∫–æ–Ω—Ç–µ–Ω—Ç–∞","Voice to posts –∑–∞ 5 –º–∏–Ω—É—Ç –≤–º–µ—Å—Ç–æ —á–∞—Å–∞",91,4.2,4.5,ready,"–•–æ—Ä–æ—à–∏–π –ø–æ—Å—Ç –¥–ª—è –∞—É–¥–∏—Ç–æ—Ä–∏–∏"
4,3,"angle_1",NULL,telegram,"–ú–∞—Å—à—Ç–∞–±–∏—Ä–æ–≤–∞–Ω–∏–µ: —Å–∏—Å—Ç–µ–º–∞ –≤–º–µ—Å—Ç–æ —Å—É–µ—Ç—ã","–ú–∞—Å—à—Ç–∞–±–∏—Ä–æ–≤–∞–Ω–∏–µ –ª–∏—á–Ω–æ–≥–æ –±—Ä–µ–Ω–¥–∞ ‚Äî —ç—Ç–æ –ø—Ä–æ —Å–∏—Å—Ç–µ–º—ã, –Ω–µ –ø—Ä–æ —Ä–∞–±–æ—Ç—É","–ë—Ä–µ–Ω–¥ –º–∞—Å—à—Ç–∞–±–∏—Ä—É–µ—Ç—Å—è —á–µ—Ä–µ–∑ —Å–∏—Å—Ç–µ–º—ã",78,3.1,3.8,needs_review,"–°–ª–∞–±—ã–π hook, –ø–µ—Ä–µ–ø–∏—Å–∞—Ç—å"
5,1,"angle_4",2026-01-30,telegram,"–ò–ò –∫–æ–Ω—Ç–µ–Ω—Ç –∏–ª–∏ –∞–≤—Ç–æ—Ä—Å–∫–∏–π —Ç–µ–∫—Å—Ç?","–í–æ–ø—Ä–æ—Å –Ω–µ –≤ –≤—ã–±–æ—Ä–µ –º–µ–∂–¥—É –ò–ò –∏ –∞–≤—Ç–æ—Ä—Å–∫–∏–º —Ç–µ–∫—Å—Ç–æ–º. –í–æ–ø—Ä–æ—Å –≤ —Å–∏–Ω—Ç–µ–∑–µ","Best of both: –ò–ò + –∞–≤—Ç–æ—Ä—Å–∫–∏–π –≥–æ–ª–æ—Å",89,4.0,4.6,ready,"–•–æ—Ä–æ—à–∏–π –±–∞–ª–∞–Ω—Å –≤ –ø–æ—Å—Ç–µ"
6,4,"angle_5",NULL,telegram,"Hook optimization —á–µ—Ä–µ–∑ A/B","–¢–µ—Å—Ç–∏—Ä—É–π hooks, –Ω–µ –≥–∞–¥–∞–π üéØ","–¢–µ—Å—Ç–∏—Ä—É–π, –Ω–µ –≥–∞–¥–∞–π",45,2.1,2.1,needs_rewrite,"–¢—Ä–µ–±—É–µ—Ç –ø–æ–ª–Ω–æ–π –ø–µ—Ä–µ–¥–µ–ª–∫–∏"
7,1,"angle_3",2026-01-31,telegram,"–ò–ò –ø–æ–º–æ–≥–∞–µ—Ç –≤–∑—è—Ç—å –Ω–æ–≤—É—é –≤—ã—Å–æ—Ç—É","–ò–ò ‚Äî —ç—Ç–æ –∏–Ω—Å—Ç—Ä—É–º–µ–Ω—Ç –º–∞—Å—à—Ç–∞–±–∏—Ä–æ–≤–∞–Ω–∏—è, –Ω–µ –≤–æ–ª—à–µ–±—Å—Ç–≤–æ","–ú–∞—Å—à—Ç–∞–±–∏—Ä—É–π —Å –ò–ò —É–º–Ω–æ",88,3.9,4.4,ready,"–ì–æ—Ç–æ–≤ –∫ –ø—É–±–ª–∏–∫–∞—Ü–∏–∏"
8,2,"angle_3",2026-02-01,telegram,"–í–æ—Ç —á–µ–≥–æ —Ç—ã –Ω–µ –∑–Ω–∞–µ—à—å –ø—Ä–æ –ò–ò","–í–æ—Ç —á–µ–≥–æ —Ç—ã –Ω–µ –∑–Ω–∞–µ—à—å –ø—Ä–æ –ò–ò –∏ –∫–æ–Ω—Ç–µ–Ω—Ç... —ç—Ç–æ —Å—Ç–æ–∏—Ç –ø—Ä–æ—á–∏—Ç–∞—Ç—å","–ù–µ–∏–∑–≤–µ—Å—Ç–Ω–æ–µ –æ –ò–ò –∫–æ–Ω—Ç–µ–Ω—Ç–µ",94,4.8,4.9,ready,"–¢–û–ü –ø–æ—Å—Ç, –º–∞–∫—Å–∏–º–∞–ª—å–Ω–æ –≥–æ—Ç–æ–≤"
9,3,"angle_5",NULL,telegram,"–õ–∏—á–Ω—ã–π –±—Ä–µ–Ω–¥: —Å—Ç—Ä–∞—Ç–µ–≥–∏—è vs —Å—É–µ—Ç–∞","–°—Ç—Ä–∞—Ç–µ–≥–∏—è –ø–æ–±–µ–∂–¥–∞–µ—Ç —Å—É–µ—Ç—É. –í–æ—Ç —á–µ–º –æ—Ç–ª–∏—á–∞–µ—Ç—Å—è –ª–∏—á–Ω—ã–π –±—Ä–µ–Ω–¥ —É—Å–ø–µ—à–Ω—ã—Ö","–õ–∏—á–Ω—ã–π –±—Ä–µ–Ω–¥ ‚Äî —ç—Ç–æ —Å—Ç—Ä–∞—Ç–µ–≥–∏—è",82,3.7,4.1,draft,"–•–æ—Ä–æ—à–∏–π –ø–æ—Å—Ç, –º–µ–ª–∫–∏–µ –¥–æ—Ä–∞–±–æ—Ç–∫–∏"
