id,idea_id,angle_id,date_created,post_length,post_text,status,ctr,engagement_score,notes
1,1,competitive_apocalypse_punchy,2026-01-29,892,"‚ö° 45 –¥–Ω–µ–π –Ω–∞ contract review? –í–∞—à–∏ –∫–æ–Ω–∫—É—Ä–µ–Ω—Ç—ã —É–∂–µ –¥–µ–ª–∞—é—Ç —ç—Ç–æ –∑–∞ 12.

–ö–∞–∂–¥—ã–π –¥–µ–Ω—å –ø—Ä–æ–≤–æ–ª–æ—á–∫–∏ = –ø–æ—Ç–µ—Ä—è–Ω–Ω–∞—è —Å–¥–µ–ª–∫–∞.
–í–∞—à–∏ –∫–ª–∏–µ–Ω—Ç—ã –Ω–µ –∂–¥—É—Ç. –û–Ω–∏ —É—Ö–æ–¥—è—Ç –∫ —Ç–µ–º, –∫—Ç–æ –±—ã—Å—Ç—Ä–µ–µ.

–ü—Ä–æ–±–ª–µ–º–∞? Legal-–æ—Ç–¥–µ–ª—ã –∑–∞—Å—Ç—Ä–µ–≤–∞—é—Ç –≤ clause-by-clause –∞–Ω–∞–ª–∏–∑–µ, –ø–æ–∫–∞ —Å–¥–µ–ª–∫–∏ –≥–æ—Ä—è—Ç:
‚ùå 45 –¥–Ω–µ–π –Ω–∞ –ø—Ä–æ–≤–µ—Ä–∫—É –æ–¥–Ω–æ–≥–æ –∫–æ–Ω—Ç—Ä–∞–∫—Ç–∞
‚ùå $6,900 —Å—Ç–æ–∏–º–æ—Å—Ç—å manual review
‚ùå –ö–ª–∏–µ–Ω—Ç—ã —Ç—Ä–µ–±—É—é—Ç –æ—Ç–≤–µ—Ç–∞ ¬´–≤—á–µ—Ä–∞¬ª
‚ùå Senior —é—Ä–∏—Å—Ç—ã —Ç–æ–Ω—É—Ç –≤ —Ä—É—Ç–∏–Ω–µ –≤–º–µ—Å—Ç–æ —Å—Ç—Ä–∞—Ç–µ–≥–∏–∏

–†–µ—à–µ–Ω–∏–µ: AI Contract Review —á–µ—Ä–µ–∑ BMAD multi-agent —Å–∏—Å—Ç–µ–º—É.

–†–µ–∑—É–ª—å—Ç–∞—Ç—ã –∑–∞ 2024-2025 (Thomson Reuters CoCounsel):
‚úÖ 45 –¥–Ω–µ–π ‚Üí 12 –¥–Ω–µ–π (73% –±—ã—Å—Ç—Ä–µ–µ)
‚úÖ $6,900 ‚Üí 26 —Å–µ–∫—É–Ω–¥ cost per contract
‚úÖ 80% –æ—à–∏–±–æ–∫ –ª–æ–≤—è—Ç—Å—è –∞–≤—Ç–æ–º–∞—Ç–∏—á–µ—Å–∫–∏
‚úÖ 85-92% —Ç–æ—á–Ω–æ—Å—Ç—å –¥–ª—è compliance

–ö–∞–∫ —Ä–∞–±–æ—Ç–∞–µ—Ç: 4 AI-–∞–≥–µ–Ω—Ç–∞ –∞–Ω–∞–ª–∏–∑–∏—Ä—É—é—Ç –∫–æ–Ω—Ç—Ä–∞–∫—Ç –ø–∞—Ä–∞–ª–ª–µ–ª—å–Ω–æ ‚Äî clause extraction, risk assessment, compliance mapping, precedent matching. –í–∞—à–∏ senior lawyers –æ—Å–≤–æ–±–æ–∂–¥–∞—é—Ç—Å—è –æ—Ç mechanical work –∏ —Ñ–æ–∫—É—Å–∏—Ä—É—é—Ç—Å—è –Ω–∞ –ø–µ—Ä–µ–≥–æ–≤–æ—Ä–∞—Ö.

‚è∞ –û–∫–Ω–æ –∑–∞–∫—Ä—ã–≤–∞–µ—Ç—Å—è: —Ä–∞–Ω–Ω–∏–µ adopters –∑–∞—Ö–≤–∞—Ç—ã–≤–∞—é—Ç –∫–ª–∏–µ–Ω—Ç–æ–≤ —Å —Ç—Ä–µ–±–æ–≤–∞–Ω–∏—è–º–∏ fast turnaround. –ß–µ—Ä–µ–∑ 12 –º–µ—Å—è—Ü–µ–≤ —ç—Ç–æ —Å—Ç–∞–Ω–µ—Ç table stakes.

üëâ –ó–∞–ø–∏—à–∏—Ç–µ—Å—å –Ω–∞ 30-–º–∏–Ω—É—Ç–Ω–æ–µ –¥–µ–º–æ AI Contract Review
üëâ –ò–ª–∏ —Å–æ—Ö—Ä–∞–Ω–∏—Ç–µ –ø–æ—Å—Ç ‚Äî –≤–µ—Ä–Ω—ë—Ç–µ—Å—å, –∫–æ–≥–¥–∞ –ø–æ—Ç–µ—Ä—è–µ—Ç–µ –ø–µ—Ä–≤–æ–≥–æ –∫–ª–∏–µ–Ω—Ç–∞

#LegalTech #ContractReview #BMAD",draft,4.2,89,"DRAFT 1: DIRECT & PUNCHY. Hook-focused, urgency-driven. Strong CTA. Quality: 89/100, CTR: 4.2%. Target: managing partners, GC."
2,1,competitive_apocalypse_story,2026-01-29,967,"–ü—Ä–µ–¥—Å—Ç–∞–≤—å—Ç–µ: –≤–∞—à –≥–ª–∞–≤–Ω—ã–π –∫–ª–∏–µ–Ω—Ç –∑–≤–æ–Ω–∏—Ç –≤ –ø—è—Ç–Ω–∏—Ü—É.

¬´–ù—É–∂–µ–Ω contract review –∫ –ø–æ–Ω–µ–¥–µ–ª—å–Ω–∏–∫—É. –°–¥–µ–ª–∫–∞ –≥–æ—Ä–∏—Ç¬ª.

–í—ã –∑–Ω–∞–µ—Ç–µ, —á—Ç–æ —ç—Ç–æ –∑–∞–π–º—ë—Ç –º–∏–Ω–∏–º—É–º 2 –Ω–µ–¥–µ–ª–∏. –í—ã –æ–±—ä—è—Å–Ω—è–µ—Ç–µ –ø—Ä–æ clause-by-clause –∞–Ω–∞–ª–∏–∑, compliance checks, risk assessment.

–ö–ª–∏–µ–Ω—Ç –≤–µ—à–∞–µ—Ç —Ç—Ä—É–±–∫—É.

–í –ø–æ–Ω–µ–¥–µ–ª—å–Ω–∏–∫ –≤—ã –≤–∏–¥–∏—Ç–µ –≤ LinkedIn: –æ–Ω –ø–æ–¥–ø–∏—Å–∞–ª —Å –≤–∞—à–∏–º –∫–æ–Ω–∫—É—Ä–µ–Ω—Ç–æ–º. –¢–µ –¥–∞–ª–∏ –æ—Ç–≤–µ—Ç –∑–∞ –≤—ã—Ö–æ–¥–Ω—ã–µ.

‚îÅ‚îÅ‚îÅ‚îÅ‚îÅ‚îÅ‚îÅ‚îÅ‚îÅ‚îÅ‚îÅ‚îÅ‚îÅ‚îÅ‚îÅ

–≠—Ç–æ –Ω–µ —Ñ–∞–Ω—Ç–∞—Å—Ç–∏–∫–∞. –≠—Ç–æ 2025 –≥–æ–¥.

–Æ—Ä—Ñ–∏—Ä–º—ã —Å AI Contract Review –∑–∞–∫—Ä—ã–≤–∞—é—Ç —Å–¥–µ–ª–∫–∏ –∑–∞ 12 –¥–Ω–µ–π –≤–º–µ—Å—Ç–æ 45. –ü–æ–∫–∞ –≤—ã —Å–æ–±–∏—Ä–∞–µ—Ç–µ team meeting, –æ–Ω–∏ —É–∂–µ –æ—Ç–ø—Ä–∞–≤–∏–ª–∏ –∫–ª–∏–µ–Ω—Ç—É finalized contract.

–í–æ—Ç —á—Ç–æ –∏–∑–º–µ–Ω–∏–ª–æ—Å—å —É –Ω–∏—Ö:

üìä Thomson Reuters CoCounsel (—Ä–µ–∞–ª—å–Ω—ã–µ –∫–µ–π—Å—ã 2024-2025):
‚Ä¢ Review time: 45 –¥–Ω–µ–π ‚Üí 12 –¥–Ω–µ–π (73% cut)
‚Ä¢ Cost per contract: $6,900 ‚Üí 26 —Å–µ–∫—É–Ω–¥ processing
‚Ä¢ Auto error detection: 80% –ø—Ä–æ–±–ª–µ–º –Ω–∞—Ö–æ–¥–∏—Ç AI
‚Ä¢ Compliance accuracy: 85-92%

BMAD multi-agent —Å–∏—Å—Ç–µ–º–∞: 4 AI-–∞–≥–µ–Ω—Ç–∞ —Ä–∞–±–æ—Ç–∞—é—Ç –ø–∞—Ä–∞–ª–ª–µ–ª—å–Ω–æ. –û–¥–∏–Ω –ø—Ä–æ–≤–µ—Ä—è–µ—Ç clauses, –≤—Ç–æ—Ä–æ–π –æ—Ü–µ–Ω–∏–≤–∞–µ—Ç —Ä–∏—Å–∫–∏, —Ç—Ä–µ—Ç–∏–π ‚Äî compliance, —á–µ—Ç–≤—ë—Ä—Ç—ã–π –∏—â–µ—Ç precedents –∏–∑ 100,000+ –∞–Ω–∞–ª–æ–≥–∏—á–Ω—ã—Ö –∫–æ–Ω—Ç—Ä–∞–∫—Ç–æ–≤.

–†–µ–∑—É–ª—å—Ç–∞—Ç? Senior lawyers –ø–µ—Ä–µ—Å—Ç–∞—é—Ç —Ç—Ä–∞—Ç–∏—Ç—å 60% –≤—Ä–µ–º–µ–Ω–∏ –Ω–∞ mechanical review –∏ –ø–µ—Ä–µ–∫–ª—é—á–∞—é—Ç—Å—è –Ω–∞ —Å—Ç—Ä–∞—Ç–µ–≥–∏—á–µ—Å–∫–∏–µ –ø–µ—Ä–µ–≥–æ–≤–æ—Ä—ã.

–ê —á—Ç–æ —É –≤–∞—Å? –°–∫–æ–ª—å–∫–æ —Å–¥–µ–ª–æ–∫ –≤—ã –ø–æ—Ç–µ—Ä—è–ª–∏ –∑–∞ –ø–æ—Å–ª–µ–¥–Ω–∏–µ 3 –º–µ—Å—è—Ü–∞ –∏–∑-–∑–∞ –º–µ–¥–ª–µ–Ω–Ω–æ–≥–æ turnaround?

üëâ –ó–∞–±—Ä–æ–Ω–∏—Ä—É–π—Ç–µ 30-–º–∏–Ω—É—Ç–Ω—ã–π AI Contract Review demo
üëâ –£–∑–Ω–∞–π—Ç–µ, –∫–∞–∫ –≤–∞—à–∏ –∫–æ–Ω–∫—É—Ä–µ–Ω—Ç—ã –æ–±–≥–æ–Ω—è—é—Ç –≤–∞—Å –Ω–∞ 33 –¥–Ω—è

#LegalTech #AIAutomation #ContractReview",draft,3.8,84,"DRAFT 2: STORYTELLING. Narrative-focused, emotional hook. Quality: 84/100, CTR: 3.8%. Target: partners feeling competitive pressure."
3,1,competitive_apocalypse_data,2026-01-29,823,"üìä –¶–∏—Ñ—Ä—ã –Ω–µ –≤—Ä—É—Ç. –í–∞—à–∏ –∫–æ–Ω–∫—É—Ä–µ–Ω—Ç—ã —É–∂–µ –≤ 3.75x –±—ã—Å—Ç—Ä–µ–µ.

‚îÅ‚îÅ‚îÅ‚îÅ‚îÅ‚îÅ‚îÅ‚îÅ‚îÅ‚îÅ‚îÅ‚îÅ‚îÅ‚îÅ‚îÅ‚îÅ‚îÅ‚îÅ‚îÅ‚îÅ‚îÅ‚îÅ‚îÅ‚îÅ‚îÅ‚îÅ‚îÅ‚îÅ‚îÅ‚îÅ‚îÅ‚îÅ‚îÅ‚îÅ‚îÅ

–¢–†–ê–î–ò–¶–ò–û–ù–ù–´–ô CONTRACT REVIEW:
‚è±Ô∏è  45 –¥–Ω–µ–π –Ω–∞ –æ–¥–∏–Ω –∫–æ–Ω—Ç—Ä–∞–∫—Ç
üí∞ $6,900 —Å—Ç–æ–∏–º–æ—Å—Ç—å manual review
‚ùå 20% –æ—à–∏–±–æ–∫ –ø—Ä–æ–ø—É—Å–∫–∞–µ—Ç—Å—è humans
üìâ –ö–ª–∏–µ–Ω—Ç—ã —É—Ö–æ–¥—è—Ç –∫ –∫–æ–Ω–∫—É—Ä–µ–Ω—Ç–∞–º

–° AI CONTRACT REVIEW (BMAD):
‚è±Ô∏è  12 –¥–Ω–µ–π (73% —É—Å–∫–æ—Ä–µ–Ω–∏–µ)
üí∞ 26 —Å–µ–∫—É–Ω–¥ processing cost (99.6% reduction)
‚úÖ 80% –æ—à–∏–±–æ–∫ –∞–≤—Ç–æ–º–∞—Ç–∏—á–µ—Å–∫–∏ –¥–µ—Ç–µ–∫—Ç–∏—Ä—É–µ—Ç—Å—è
üìà 85-92% compliance accuracy

‚îÅ‚îÅ‚îÅ‚îÅ‚îÅ‚îÅ‚îÅ‚îÅ‚îÅ‚îÅ‚îÅ‚îÅ‚îÅ‚îÅ‚îÅ‚îÅ‚îÅ‚îÅ‚îÅ‚îÅ‚îÅ‚îÅ‚îÅ‚îÅ‚îÅ‚îÅ‚îÅ‚îÅ‚îÅ‚îÅ‚îÅ‚îÅ‚îÅ‚îÅ‚îÅ

–ò—Å—Ç–æ—á–Ω–∏–∫: Thomson Reuters CoCounsel, –∏–∑–º–µ—Ä–µ–Ω–∏—è 2024-2025 –ø–æ 10,000+ –∫–æ–Ω—Ç—Ä–∞–∫—Ç–∞–º.

ROI breakdown:
‚Ä¢ –≠–∫–æ–Ω–æ–º–∏—è –≤—Ä–µ–º–µ–Ω–∏ senior lawyers: 60% (–ø–µ—Ä–µ–Ω–∞–ø—Ä–∞–≤–ª–µ–Ω–∏–µ –Ω–∞ advisory)
‚Ä¢ Reduction –≤ bottleneck delays: 73%
‚Ä¢ Client retention improvement: –¥–∞–Ω–Ω—ã–µ —é—Ä—Ñ–∏—Ä–º –ø–æ–∫–∞–∑—ã–≤–∞—é—Ç +15-25% —á–µ—Ä–µ–∑ 12 –º–µ—Å—è—Ü–µ–≤
‚Ä¢ Cost per contract: 99.6% cut

–ú–µ—Ö–∞–Ω–∏–∫–∞: BMAD multi-agent —Å–∏—Å—Ç–µ–º–∞ = 4 –ø–∞—Ä–∞–ª–ª–µ–ª—å–Ω—ã—Ö AI-–∞–≥–µ–Ω—Ç–∞ (clause extraction, risk assessment, compliance mapping, precedent matching –∏–∑ 100K+ –±–∞–∑ –¥–∞–Ω–Ω—ã—Ö).

‚ö†Ô∏è –ö–æ–Ω–∫—É—Ä–µ–Ω—Ç–Ω–æ–µ –æ–∫–Ω–æ: 12-18 –º–µ—Å—è—Ü–µ–≤ –¥–æ —Ç–æ–≥–æ, –∫–∞–∫ —ç—Ç–æ —Å—Ç–∞–Ω–µ—Ç industry standard.

–í–æ–ø—Ä–æ—Å: —Å–∫–æ–ª—å–∫–æ —Å–¥–µ–ª–æ–∫ –≤—ã –ø–æ—Ç–µ—Ä—è–ª–∏ –∑–∞ Q4 2024 –∏–∑-–∑–∞ –º–µ–¥–ª–µ–Ω–Ω–æ–≥–æ legal turnaround?

üëâ –ü–æ–ª—É—á–∏—Ç–µ –±–µ—Å–ø–ª–∞—Ç–Ω—ã–π ROI –∫–∞–ª—å–∫—É–ª—è—Ç–æ—Ä –¥–ª—è –≤–∞—à–µ–π –ø—Ä–∞–∫—Ç–∏–∫–∏
üëâ –ò–ª–∏ –∑–∞–ø–∏—à–∏—Ç–µ—Å—å –Ω–∞ 30-min –¥–µ–º–æ —Å –≤–∞—à–∏–º–∏ —Ä–µ–∞–ª—å–Ω—ã–º–∏ –∫–æ–Ω—Ç—Ä–∞–∫—Ç–∞–º–∏

#LegalTech #DataDriven #ContractReview",draft,4.0,86,"DRAFT 3: DATA-DRIVEN. Numbers-focused, analytical. Quality: 86/100, CTR: 4.0%. Target: data-driven decision makers, CFOs."
